id,split,latitude,longitude,city
194428659208413,train,48.895337321557,2.3233255843858,Saint-Ouen
3924745910934519,train,48.849310423302,2.3420546832346,Paris
751863198824966,train,48.834316414574,2.3329361141683,Gentilly
850117032269818,train,48.825363293663,2.3417043964566,Gentilly
486044762651228,train,48.832476656507,2.2280972539181,Sevres
374911293851967,train,48.864694752376,2.226781613739,Suresnes
231066951723521,train,48.892995299997,2.3274214000025,Saint-Ouen
1429296774084215,train,48.879707502178,2.25036961874,Puteaux
290732672767189,train,48.826246659539,2.3437182438339,Gentilly
3915217215261593,train,48.892550900152,2.2856845759898,Levallois-Perret
2271592509640274,train,48.848080833333,2.305915,Malakoff
1191420281308257,train,48.836160911411,2.2936189733734,Vanves
830692601160758,train,48.875418863037,2.262710451339,Neuilly-sur-Seine
1131575017356854,train,48.836598423091,2.3069764138221,Malakoff
340922097608015,train,48.86551628298,2.2688490508889,Neuilly-sur-Seine
474213930453989,train,48.841041683938,2.2882233529791,Vanves
461324448306820,train,48.839478779014,2.3393153768858,Paris
301136731608759,train,48.895895099858,2.3229301078473,Saint-Ouen
820219282257448,train,48.869315994883,2.337860819244,Paris
803591303919355,train,48.883638888889,2.332425,Saint-Ouen
453035029129289,train,48.879712871869,2.2994317122738,Levallois-Perret
231117915450926,train,48.873962152477,2.3145226861399,Clichy
541792667002909,train,48.891240826097,2.2578531926121,Courbevoie
464000574863654,train,48.865121389085,2.2981167548136,Levallois-Perret
282850976875245,train,48.865838375724,2.2377940012987,Suresnes
302715317901148,train,48.871637347601,2.3140787482659,Clichy
186692123207951,train,48.890835041073,2.2846274008853,Levallois-Perret
460440595187301,train,48.827201666667,2.2242119444444,Sevres
1919189088237164,train,48.891831353892,2.3075002383977,Clichy
5495285940499628,train,48.860075107594,2.2582942031316,Neuilly-sur-Seine
1793432240836531,train,48.855599614229,2.2827391075727,Neuilly-sur-Seine
792122324768242,train,48.830126210494,2.3019143644653,Malakoff
295158612224260,train,48.868734644497,2.3233786550473,Paris
309391257415826,train,48.8596791214,2.322308392998,Paris
479220283343003,train,48.825463503942,2.2345970374585,Meudon
182897547022455,train,48.824703579227,2.2470808755551,Boulogne-Billancourt
880505872499874,train,48.897260205455,2.3053997818891,Clichy
1003131926891672,train,48.82465053462,2.2318446189966,Meudon
287296522892140,train,48.818568578007,2.2252339492028,Sevres
469432964343772,train,48.8957808,2.3284501000017,Saint-Ouen
1714281928773846,train,48.898342241052,2.2965681858281,Levallois-Perret
149756907116878,train,48.858117957932,2.323583361245,Paris
210342350711932,train,48.893904015433,2.2975767627203,Levallois-Perret
153490033395786,train,48.887750247059,2.3120377015342,Clichy
1214575995658904,train,48.832045469151,2.253596641077,Boulogne-Billancourt
465036401448128,train,48.876940380365,2.2285031446245,Suresnes
293055602521013,train,48.896417709051,2.3359501738381,Saint-Ouen
896397014542853,train,48.817303635246,2.3184776545637,Montrouge
929522114497823,train,48.882459990237,2.3150832625167,Clichy
5561423523930574,train,48.883670739676,2.3153096621612,Clichy
207851687812785,train,48.849308366554,2.3365790515337,Paris
111382314331219,train,48.844181257812,2.2262514958017,Sevres
305383997746364,train,48.89963404401,2.2780044209651,Levallois-Perret
1514812228915690,train,48.834856577829,2.2822607540119,Vanves
3536355153133329,train,48.895392919352,2.2885379144913,Levallois-Perret
759728071351187,train,48.857488505481,2.2910316730298,Vanves
552108699101392,train,48.884450464713,2.3268629462895,Saint-Ouen
476378333610010,train,48.894997546223,2.2976024266887,Levallois-Perret
892422157972255,train,48.825879322057,2.2610836767952,Boulogne-Billancourt
459922708624747,train,48.858872222222,2.2937611111111,Neuilly-sur-Seine
2623520807947627,train,48.886052748029,2.3261567289963,Saint-Ouen
1180404499068646,train,48.858008,2.295169,Vanves
262725738571417,train,48.900574550918,2.2838489192451,Levallois-Perret
579779383413248,train,48.880271301257,2.2599547535639,Neuilly-sur-Seine
151904340267702,train,48.8387384871,2.2700261733628,Issy-les-Moulineaux
355728302809551,train,48.865083253835,2.2787109562589,Neuilly-sur-Seine
500027024477965,train,48.864854498737,2.3004810843911,Levallois-Perret
273857811063339,train,48.825081674946,2.3036432971324,Malakoff
3784611644970844,train,48.897194363492,2.3035525561506,Clichy
530155515016207,train,48.850322384519,2.2933892342788,Vanves
2582214582086536,train,48.897912407343,2.2405583074649,La Defense
1363146917400570,train,48.825139302596,2.3403002769132,Gentilly
918072072366019,train,48.883313473381,2.3051367884333,Clichy
4453596608001636,train,48.828188230849,2.3050871579977,Malakoff
148411880581663,train,48.897559980234,2.3375579742653,Saint-Ouen
3961197303926283,train,48.883430801465,2.2966755006786,Levallois-Perret
1031771300984718,train,48.89466053528,2.2251775596226,La Defense
326769995838842,train,48.828580789125,2.2247130752899,Sevres
306316027525943,train,48.818809843236,2.3363234205686,Gentilly
203451571586578,train,48.886989689653,2.2750321927774,Neuilly-sur-Seine
573972546914236,train,48.880645057586,2.2342328907754,Puteaux
377092780275976,train,48.849404369439,2.2979863576402,Vanves
835036453748771,train,48.878608495496,2.2386248925123,Puteaux
147555763926635,train,48.884855727084,2.2393776010247,Puteaux
207635324346842,train,48.823749037153,2.2728850177462,Issy-les-Moulineaux
491712401978090,train,48.87462346717,2.2553951752119,Neuilly-sur-Seine
160554932651066,train,48.89510039877,2.2368032107289,La Defense
531270994702136,train,48.821301772416,2.3195448274797,Montrouge
485956449405943,train,48.885612356462,2.319647299431,Clichy
992098354862601,train,48.890548234549,2.2792778449756,Levallois-Perret
532114658172358,train,48.864236852843,2.2768104694173,Neuilly-sur-Seine
4085144924875475,train,48.889590402841,2.2841441976312,Levallois-Perret
882004769313386,train,48.861094007827,2.2641262510421,Neuilly-sur-Seine
2506413699503741,train,48.815116635125,2.2927016712648,Vanves
916496158901163,train,48.840199617138,2.2541229988333,Boulogne-Billancourt
963560077791963,train,48.875372759562,2.22685401344,Suresnes
1101739710320457,train,48.872951152476,2.3335350027923,Paris
270282834827669,train,48.878216642299,2.3228507516163,Saint-Ouen
914661485773860,train,48.852432261103,2.3410787354779,Paris
792630501450807,train,48.823666102243,2.3000996976739,Malakoff
372981323983481,train,48.885470730499,2.2554833802379,Courbevoie
485202202700389,train,48.87715339246,2.2567008680225,Neuilly-sur-Seine
561172531517272,train,48.822947855716,2.2305380688044,Meudon
1858470340989602,train,48.889564606112,2.3336553844664,Saint-Ouen
4552243878122338,train,48.848485298534,2.2272595415201,Suresnes
1491664751175620,train,48.89072802417,2.2944690416392,Levallois-Perret
3953534051394950,train,48.888924790968,2.2737641384517,Neuilly-sur-Seine
286769419774314,train,48.897937326588,2.3103258160572,Clichy
159843275963580,train,48.829620285548,2.2294230657834,Sevres
304064851345276,train,48.8503872,2.299597,Vanves
3718692484926395,train,48.863413198682,2.2273917164542,Suresnes
751220642223982,train,48.894038239651,2.2832695067371,Levallois-Perret
4170564162990286,train,48.853678354126,2.2608246488491,Boulogne-Billancourt
756416221901955,train,48.895734416498,2.2372815949032,La Defense
609488753781422,train,48.878682848324,2.2787251206942,Neuilly-sur-Seine
495641995191124,train,48.887162868709,2.2905623124834,Levallois-Perret
5486873134717215,train,48.889798285393,2.3128202199412,Clichy
185243760128517,train,48.863652285112,2.2816411946111,Neuilly-sur-Seine
2775712469410316,train,48.847667755121,2.2370485375423,Boulogne-Billancourt
305499501113719,train,48.900070921115,2.256487846472,Courbevoie
1728871150628906,train,48.883497144941,2.2327507471644,Puteaux
4443526692341838,train,48.816462566292,2.2300533341242,Meudon
2902120080075726,train,48.817812804501,2.3442251003083,Gentilly
374297067189794,train,48.885501634879,2.2649588108952,Neuilly-sur-Seine
818312728803968,train,48.892687285414,2.2939423620837,Levallois-Perret
4089888321074327,train,48.830469896157,2.2422357754292,Boulogne-Billancourt
136810775101820,train,48.867224020529,2.2891972220054,Neuilly-sur-Seine
472844427165421,train,48.848700852575,2.3387210005128,Paris
162177695823729,train,48.885074739066,2.2466590227181,Puteaux
3974863709262141,train,48.817863390725,2.3441350579018,Gentilly
483942269583118,train,48.876260738501,2.2777125714617,Neuilly-sur-Seine
4164716906925493,train,48.875192776908,2.3432341976248,Paris
295604122044984,train,48.851884727759,2.3313742105295,Paris
211951777193237,train,48.8894929213,2.2803801522526,Levallois-Perret
460948885201186,train,48.845645406723,2.2772003995065,Issy-les-Moulineaux
922310408564355,train,48.821267096227,2.28995629982,Vanves
1151734848676253,train,48.860004983268,2.2969900053768,Levallois-Perret
317881903337361,train,48.842910379352,2.3367890301625,Paris
307634300963923,train,48.871962913208,2.3409064066393,Paris
2827590560884788,train,48.867418430338,2.290385685619,Levallois-Perret
736406610338866,train,48.897533895222,2.2980305773069,Levallois-Perret
395380158737890,train,48.887575756863,2.3254227423444,Saint-Ouen
1179799209121794,train,48.85550794495,2.2640733925724,Boulogne-Billancourt
2991555744401489,train,48.872558788844,2.2642432381809,Neuilly-sur-Seine
1073505583139032,train,48.871979484725,2.2744306462399,Neuilly-sur-Seine
820198215597049,train,48.856015333129,2.269226296625,Neuilly-sur-Seine
1338769266508996,train,48.88718748174,2.2512206604721,Courbevoie
1674253542760797,train,48.892279944385,2.2687864347053,Neuilly-sur-Seine
165512738755717,train,48.888641540869,2.2812337046081,Levallois-Perret
1000522094114953,train,48.838223886003,2.2891746740027,Vanves
295016055612907,train,48.898318171484,2.3240745799579,Saint-Ouen
310745710425461,train,48.842476926772,2.2617413185716,Boulogne-Billancourt
3946828508731603,train,48.844390305903,2.3419607903907,Paris
208091157543321,train,48.832293342001,2.2598692916831,Boulogne-Billancourt
212607673728998,train,48.835581351498,2.3111611223867,Malakoff
986138138795038,train,48.887364075852,2.2873726690115,Levallois-Perret
504490550687580,train,48.901055762798,2.3436021785786,Saint-Ouen
936828357079220,train,48.885161865841,2.2867965041275,Levallois-Perret
300626434976593,train,48.844060517369,2.3272513568839,Paris
950829082411271,train,48.891682341223,2.278101279223,Levallois-Perret
782031422446183,train,48.825827475869,2.2419381793421,Boulogne-Billancourt
295603202236791,train,48.87312470997,2.2261451204614,Suresnes
197545535545430,train,48.834931213668,2.3400339518159,Paris
2939438406376705,train,48.823314326224,2.2496874712604,Boulogne-Billancourt
296178025483649,train,48.84183292498,2.2388489238581,Boulogne-Billancourt
465650391360989,train,48.833855133618,2.2714196474048,Issy-les-Moulineaux
202000725069118,train,48.827962356015,2.2917311492744,Vanves
4177625868942929,train,48.890825360321,2.2479824959888,La Defense
138534534951258,train,48.864247704855,2.3024443771058,Levallois-Perret
1148097092333960,train,48.857168580629,2.262680729216,Boulogne-Billancourt
364163938346278,train,48.856845632892,2.2920890617602,Vanves
1054292024978188,train,48.894602169963,2.3406094833675,Saint-Ouen
2996906353929787,train,48.861637452297,2.323096350273,Paris
3428667467235223,train,48.826534496529,2.226593108541,Sevres
964308100998046,train,48.826253126959,2.2346879491336,Meudon
154206649978475,train,48.876891317985,2.2500215674149,Puteaux
119952053437006,train,48.825613333333,2.3005099999991,Malakoff
172281948234850,train,48.845094681777,2.2975676636522,Vanves
948105462644214,train,48.900841357123,2.3143972794204,Clichy
3950336455053103,train,48.856520780752,2.3209354897485,Paris
418517875850082,train,48.880855922999,2.3405375030544,Saint-Ouen
303924644698596,train,48.879455967398,2.2663983851293,Neuilly-sur-Seine
811570383118660,train,48.834607423157,2.2837722015886,Vanves
224071552857433,train,48.817077111808,2.2691159106812,Issy-les-Moulineaux
192482719390630,train,48.846919699491,2.3214764319339,Paris
516544619370673,train,48.879202137278,2.2577460404517,Neuilly-sur-Seine
516762256129318,train,48.853363720704,2.3017183506855,Vanves
2898601330398380,train,48.840352516381,2.3128100058869,Malakoff
2633737813590935,train,48.872881676578,2.2743700081438,Neuilly-sur-Seine
4179577528757188,train,48.847952616825,2.2899773089509,Vanves
1398675047178114,train,48.883950048376,2.3287982487712,Saint-Ouen
310462530430065,train,48.822715863765,2.2991185119812,Malakoff
3228710744022202,train,48.881691574755,2.2808831330393,Neuilly-sur-Seine
232477831557351,train,48.841808576917,2.3411969547282,Paris
773123430009804,train,48.838541478365,2.2543228577915,Boulogne-Billancourt
821683718755342,train,48.891579399175,2.2392484898041,La Defense
889712018546378,train,48.822394400057,2.3351795016931,Gentilly
1117106712126963,train,48.839399957538,2.3377035441836,Paris
143945714361495,train,48.890636972807,2.2343954916833,La Defense
209330757381866,train,48.880795323653,2.2379580468491,Puteaux
476508366740108,train,48.834890252645,2.3434351726535,Paris
205059464638058,train,48.876466935281,2.2504924985569,Puteaux
478775733200687,train,48.866529419241,2.2905991070705,Levallois-Perret
173059251366893,train,48.886853329727,2.2380750054613,Puteaux
285802276528858,train,48.877177591377,2.228837978597,Suresnes
2565741383735396,train,48.889041318158,2.314399610215,Clichy
1155371158612429,train,48.868244715202,2.2653387996168,Neuilly-sur-Seine
5600870123287601,train,48.831561644291,2.2447058731289,Boulogne-Billancourt
1628929907496995,train,48.900629909142,2.2242945210929,La Defense
825612538049298,train,48.828087802343,2.2466729704362,Boulogne-Billancourt
142575237878558,train,48.876991656767,2.2406549775614,Puteaux
270678334774353,train,48.83986210543,2.2243794453976,Sevres
130713679043536,train,48.877532777778,2.3305227777778,Saint-Ouen
483377516426580,train,48.875160278244,2.2509999678787,Puteaux
303798174620792,train,48.884266165086,2.225867952241,Puteaux
841511276714651,train,48.837290216804,2.3132324547741,Montrouge
1649688508561469,train,48.847192799192,2.3162796903846,Montrouge
228448372372606,train,48.846075417672,2.2376747110027,Boulogne-Billancourt
766456070902742,train,48.901415436751,2.309227221794,Clichy
2516765948632037,train,48.889986656991,2.28496486459,Levallois-Perret
821072918509710,train,48.842126678901,2.3201553117045,Montrouge
523058872204054,train,48.88938744296,2.2989105328588,Levallois-Perret
743211569632234,train,48.860642139106,2.2878006492555,Neuilly-sur-Seine
506081024162352,train,48.894340376758,2.2669214243837,Neuilly-sur-Seine
3919201988170179,train,48.886985025826,2.2432799709089,Puteaux
191773162680020,train,48.871829050472,2.290397746328,Levallois-Perret
823503671895789,train,48.893267354499,2.267265239569,Neuilly-sur-Seine
3967149900036715,train,48.860839209929,2.3218587502799,Paris
4476375739047289,train,48.874355833333,2.3371419444444,Paris
948301462659896,train,48.874478551561,2.2260624549275,Suresnes
4014304398657718,train,48.900376187161,2.2449839533779,La Garenne-Colombes
2974205126233807,train,48.881393775387,2.3072757391657,Clichy
215303966824928,train,48.900695427566,2.2397084789769,La Garenne-Colombes
279182177071799,train,48.885481605779,2.2426681547783,Puteaux
1193739791062528,train,48.831236432226,2.2666662980851,Issy-les-Moulineaux
175694657773733,train,48.82321579516,2.3357276007471,Gentilly
1075060572904755,train,48.839302269333,2.3162121582616,Montrouge
208683630791437,train,48.842850441625,2.336778369747,Paris
217128546552811,train,48.84479977039,2.2724655552425,Issy-les-Moulineaux
133564045424954,train,48.879903922764,2.2847700036609,Levallois-Perret
346200813507740,train,48.88903111519,2.290490254741,Levallois-Perret
1195446317555771,train,48.852082624889,2.3298426431787,Paris
590970681803613,train,48.88995803767,2.2300991733264,La Defense
2897530820513137,train,48.882374722222,2.328005,Saint-Ouen
498818981164286,train,48.883766786728,2.2251769297826,Suresnes
2594841504143702,train,48.832946042754,2.3377077171915,Gentilly
295927268686339,train,48.882530821149,2.3334012772794,Saint-Ouen
270347208120805,train,48.827265555556,2.3204469444444,Montrouge
2911369492467825,train,48.863176104091,2.2998170841792,Levallois-Perret
189829856307629,train,48.846508937509,2.2762118868079,Issy-les-Moulineaux
3011332495791354,train,48.860051683723,2.3280324756749,Paris
216581433325832,train,48.860483937162,2.3148584062843,Paris
1244387849297672,train,48.889553946523,2.2816664547411,Levallois-Perret
298771541808349,train,48.843283351269,2.3262530967919,Paris
596224265105387,train,48.88525037235,2.2261633046351,Puteaux
250712440076105,train,48.821125414974,2.2577160940317,Boulogne-Billancourt
135210188619618,train,48.886538248215,2.2902456215512,Levallois-Perret
916803462451507,train,48.827784679768,2.2420763820529,Boulogne-Billancourt
750584115626779,train,48.881696924518,2.2256625916605,Suresnes
2951421985077318,train,48.892495369369,2.2363907427299,La Defense
874117593143940,train,48.848693964043,2.2824253614654,Vanves
2575426672580923,train,48.893253499201,2.2904029643092,Levallois-Perret
2920839651502354,train,48.838876498319,2.3166354089712,Montrouge
481715103167617,train,48.88355045484,2.2812809987364,Neuilly-sur-Seine
1078158259261015,train,48.82731656407,2.2444788517606,Boulogne-Billancourt
476084753705710,train,48.886838187112,2.2470185793598,Puteaux
482460016402491,train,48.891780319342,2.2694336399687,Neuilly-sur-Seine
203647964761026,train,48.882601019603,2.2835446402508,Levallois-Perret
223093075843315,train,48.886544122259,2.3295794146085,Saint-Ouen
518017646049098,train,48.840411513338,2.2775548784717,Issy-les-Moulineaux
2958205624447312,train,48.836732515476,2.3177686733642,Montrouge
842178039728720,train,48.829875555556,2.2962338888889,Vanves
303681987911139,train,48.893179930907,2.3354448790787,Saint-Ouen
223437425954724,train,48.832612414386,2.2886882247923,Vanves
3952260824833205,train,48.863493714674,2.3043895105049,Levallois-Perret
483954419319779,train,48.825175614276,2.2492164227291,Boulogne-Billancourt
946179119544878,train,48.872023945299,2.3006947645333,Levallois-Perret
2914729135459686,train,48.851984949632,2.3286626523362,Paris
1816469368527240,train,48.826033888889,2.3193263888889,Montrouge
479086186628226,train,48.860201700572,2.2968999892247,Levallois-Perret
183906226802975,train,48.8419607498,2.3365405803493,Paris
178084780874128,train,48.868299335059,2.2710841707061,Neuilly-sur-Seine
226287069272956,train,48.820844770843,2.3329242311665,Gentilly
954592285291756,train,48.860389758103,2.2815579189066,Neuilly-sur-Seine
572861066979618,train,48.873346536919,2.320914170344,Clichy
2723635854595349,train,48.82400720413,2.330988897237,Gentilly
756674458337733,train,48.863910618404,2.2672944575732,Neuilly-sur-Seine
480990303212386,train,48.886501136495,2.2260075111015,Puteaux
519543726122662,train,48.886185729293,2.2796878375919,Neuilly-sur-Seine
828110841420396,train,48.888893389727,2.2809701032022,Levallois-Perret
981721195898834,train,48.882231264027,2.2791204842594,Neuilly-sur-Seine
813106862646872,train,48.900482971376,2.3208149405729,Clichy
1630811350441970,train,48.891917600623,2.2778629096218,Levallois-Perret
1118621745298052,train,48.859973427151,2.3132563342543,Paris
289237086111172,train,48.859602527915,2.3293027992788,Paris
968706320566103,train,48.869683125641,2.3114809852722,Clichy
2933735750232141,train,48.815956737255,2.3256415826461,Montrouge
3830445540343862,train,48.833989554712,2.276597006559,Issy-les-Moulineaux
470101100873121,train,48.864630995424,2.3099467249898,Clichy
180280773885037,train,48.835666802982,2.3318843241277,Paris
468092170967205,train,48.826927693225,2.3036840601214,Malakoff
3100827983491998,train,48.833073860907,2.2995038649618,Malakoff
391877632204036,train,48.876280113511,2.3334632016851,Saint-Ouen
1181836148912138,train,48.844392160966,2.2590024333206,Boulogne-Billancourt
320892942799108,train,48.860089851718,2.3335763405778,Paris
512567803091964,train,48.885185441656,2.3248788042834,Saint-Ouen
635400900750861,train,48.843067887549,2.2605404913669,Boulogne-Billancourt
472386723967252,train,48.888905063549,2.3150505168308,Clichy
753484432201320,train,48.901055855025,2.2563238927429,Courbevoie
137195848418259,train,48.829028475712,2.2457677399302,Boulogne-Billancourt
540626117101703,train,48.854444444444,2.295,Vanves
220021026261708,train,48.892760351899,2.245293590069,La Defense
170407055019290,train,48.833452701989,2.2867730427721,Vanves
483985796959231,train,48.8484561231297,2.240427951628022,Boulogne-Billancourt
548478556138059,train,48.900467302912,2.3084322695657,Clichy
2980892795476884,train,48.835372032081,2.2429596864169,Boulogne-Billancourt
309942407159649,train,48.883754682511,2.2394996252247,Puteaux
308997987331638,train,48.85197078821,2.2774450574392,Issy-les-Moulineaux
1116196988883650,train,48.868587010036,2.2700200920159,Neuilly-sur-Seine
218970119580476,train,48.858671963452,2.2980581617868,Vanves
170574641649678,train,48.873519729305,2.2927815095453,Levallois-Perret
1007827766665963,train,48.836631274935,2.2987257397465,Vanves
505857317117367,train,48.819074547293,2.2589726245722,Boulogne-Billancourt
313795890307786,train,48.876233197904,2.2876274941601,Levallois-Perret
282091190009099,train,48.838713818514,2.2503965443174,Boulogne-Billancourt
211374090492951,train,48.833185323991,2.2271301543892,Sevres
2920347114958955,train,48.84843689413,2.3337929264592,Paris
1194234131019933,train,48.839074986914,2.2924616648493,Vanves
197895595336512,train,48.862834046208,2.3288456319106,Paris
169319715096760,train,48.872551487668,2.2742674718144,Neuilly-sur-Seine
486477379164055,train,48.830298567887,2.263802854179,Boulogne-Billancourt
200931211712411,train,48.887917173671,2.3286108815951,Saint-Ouen
293284765668291,train,48.881131765339,2.2401470935033,Puteaux
536304974444494,train,48.894563564458,2.2692211842524,Neuilly-sur-Seine
142830671145611,train,48.856456688229,2.3020591788224,Vanves
380374383275424,train,48.831961777357,2.3027757514107,Malakoff
152570866840380,train,48.839955318482,2.3288737935078,Paris
934971980586549,train,48.846630011131,2.3330229242443,Paris
368021921212101,train,48.822051403758,2.2263773922506,Sevres
485335472659964,train,48.887107847582,2.2532241567676,Courbevoie
471760960746099,train,48.828976677231,2.3236332296659,Montrouge
926232071490029,train,48.859330752859,2.2646261730287,Neuilly-sur-Seine
1182464178840860,train,48.874609235455,2.314513738039,Clichy
181433833847033,train,48.827318356709,2.260881315768,Boulogne-Billancourt
1401494923563073,train,48.85897751572,2.33103361651,Paris
158001776258343,train,48.833576661902,2.2333115592039,Boulogne-Billancourt
1356529234718603,train,48.845592882342,2.3192729251823,Montrouge
285524626507108,train,48.822026269669,2.3421323288115,Gentilly
2834127203506438,train,48.839568028032,2.2412763304953,Boulogne-Billancourt
227285388756707,train,48.895419055341,2.2969925226759,Levallois-Perret
214470026900719,train,48.852473500254,2.2600267019848,Boulogne-Billancourt
395382108096507,train,48.839509733558,2.2483587830525,Boulogne-Billancourt
822271071707886,train,48.874476078463,2.292719143553,Levallois-Perret
334982204650951,train,48.856333990381,2.331826645774,Paris
2987563314797032,train,48.87092707608,2.3335798005896,Paris
485295032777691,train,48.828737627473,2.2544693434603,Boulogne-Billancourt
193753752578360,train,48.817958099547,2.2493547456091,Meudon
3872276406231055,train,48.85305427184,2.3265019404687,Paris
502344027570252,train,48.841334215812,2.2950421121977,Vanves
333265014983547,train,48.88801200259,2.2819742268833,Levallois-Perret
912375056267578,train,48.845487860382,2.3282733375604,Paris
138656714845956,train,48.889808978051,2.2434285594151,La Defense
207257394554692,train,48.89518737197,2.3122358553884,Clichy
378349513537422,train,48.901712275994,2.324087638114,Saint-Ouen
1168332556941372,train,48.884460894706,2.2392830821588,Puteaux
917192125712288,train,48.825752943629,2.2414664486188,Boulogne-Billancourt
304875651099076,train,48.884832865021,2.3064926555204,Clichy
235877191628574,train,48.855290115938,2.2677404676696,Boulogne-Billancourt
1754260228106116,train,48.85851428664,2.3036261543618,Vanves
1815562675282035,train,48.890098855761,2.2913427271755,Levallois-Perret
144555050929381,train,48.894261643322,2.283060604409,Levallois-Perret
319144559644081,train,48.837580719243,2.2954745999957,Vanves
488352179088985,train,48.825057336826,2.341665032328,Gentilly
985440051997721,train,48.846190981838,2.2884416275553,Vanves
119483613537810,train,48.830489377917,2.3342866398596,Gentilly
652444098927870,train,48.896997579904,2.239386265388,La Defense
210205167270784,train,48.820959,2.32081,Montrouge
470553194025318,train,48.877218677817,2.256733135874,Neuilly-sur-Seine
269250624923280,train,48.821674993162,2.2867805380709,Vanves
490469415513538,train,48.831630606601,2.2910158889317,Vanves
473417353728194,train,48.851213450842,2.2523566696992,Boulogne-Billancourt
517733972925926,train,48.896179774223,2.2878665879438,Levallois-Perret
147250787399120,train,48.89995275734,2.3124390652004,Clichy
474738670506848,train,48.839655955224,2.3366700961775,Paris
150275853785356,train,48.869152452881,2.3149002504448,Clichy
180608997145250,train,48.899437553719,2.3189284055806,Clichy
4560385393976618,train,48.815245516647,2.247624974737,Meudon
518843165947939,train,48.887437519812,2.3046776921409,Clichy
485369192774381,train,48.871677710167,2.2992584736031,Levallois-Perret
567929184175845,train,48.864608287794,2.3010780805108,Levallois-Perret
289144519534818,train,48.892647288829,2.26861138094,Neuilly-sur-Seine
2959665110979936,train,48.839028534265,2.3390897410934,Paris
313623400342280,train,48.827196675612,2.3364983119004,Gentilly
822696835270079,train,48.821284294228,2.2926334777264,Vanves
301887334827253,train,48.870061016386,2.3155738953851,Clichy
468156407583067,train,48.828945999585,2.3431212559628,Gentilly
135355541953879,train,48.872977453016,2.2642479913927,Neuilly-sur-Seine
604302973890739,train,48.891241876842,2.2699741775815,Neuilly-sur-Seine
498975021517760,train,48.884462685867,2.250237101529,Puteaux
910837026158506,train,48.884356830068,2.2971510523385,Levallois-Perret
373544770715916,train,48.850679033809,2.2589128161103,Boulogne-Billancourt
879729079272953,train,48.86646308495,2.2684050250882,Neuilly-sur-Seine
137284185094577,train,48.885848054011,2.3090427602,Clichy
895182847880975,train,48.874787143054,2.2633922348875,Neuilly-sur-Seine
599693997675875,train,48.823660910902,2.3382668602082,Gentilly
467354187691922,train,48.893115206828,2.3000544225499,Levallois-Perret
530177661482320,train,48.821656245556,2.27701688591,Issy-les-Moulineaux
2910827255869943,train,48.877247276223,2.3197430120429,Clichy
980184962811818,train,48.882908424749,2.3296862075832,Saint-Ouen
471746520755117,train,48.889450527323,2.2915688458694,Levallois-Perret
820170225284459,train,48.832241375882,2.3400206275653,Gentilly
1228712997547197,train,48.880036326273,2.2535764434451,Puteaux
157006702941067,train,48.882646325768,2.3333733856012,Saint-Ouen
519438739079805,train,48.901440182209,2.3030372208703,Clichy
526491162061314,train,48.861169346988,2.2658501364005,Neuilly-sur-Seine
3552082774898190,train,48.850129697945,2.3373533514604,Paris
300339801592999,train,48.886927978282,2.300323940577,Levallois-Perret
2055714624571634,train,48.862775915818,2.2570754316579,Neuilly-sur-Seine
473231860550669,train,48.852143728189,2.2747659294744,Boulogne-Billancourt
817579708853678,train,48.830025712607,2.245576382966,Boulogne-Billancourt
741951233153718,train,48.848978125225,2.3268581446085,Paris
1655207131535466,train,48.839761686531,2.2909883275517,Vanves
3010523189176661,train,48.835191079214,2.2819126103844,Vanves
497027978108459,train,48.898954192679,2.3129928470468,Clichy
1712550282285037,train,48.8475953095,2.3409982454628,Paris
2970503476564418,train,48.863170445915,2.3230725332339,Paris
4065246096877684,train,48.888411619058,2.2254895045518,La Defense
159020606063336,train,48.849263924352,2.2669985741426,Boulogne-Billancourt
778659776185224,train,48.824417622229,2.3362437275277,Gentilly
1087803411714713,train,48.900167598226,2.2934521721231,Levallois-Perret
325427728957427,train,48.821530582522,2.2871028037656,Vanves
306106287714136,train,48.843809856634,2.3120579160663,Malakoff
878615016320319,train,48.889173816246,2.3425233262425,Saint-Ouen
253027856302266,train,48.831304498173,2.3435331164773,Gentilly
808017080093220,train,48.819775075954,2.2292499585004,Meudon
169012118440042,train,48.882634933555,2.2398151392593,Puteaux
380701496575800,train,48.891233034126,2.2716545667915,Neuilly-sur-Seine
1062684837588388,train,48.881765311118,2.2693953728318,Neuilly-sur-Seine
507751690420141,train,48.836428478816,2.2510127969423,Boulogne-Billancourt
2634501640191762,train,48.838692497873,2.3168320091716,Montrouge
555196385473493,train,48.882739601804,2.276337985488,Neuilly-sur-Seine
4080010515377965,train,48.887623938734,2.3292264852838,Saint-Ouen
756845254980605,train,48.847874413861,2.2280995084244,Suresnes
223668272526669,train,48.900963521717,2.2396680944209,La Garenne-Colombes
830889107508469,train,48.888505896781,2.3440313091641,Saint-Ouen
2737647663047144,train,48.835832963814,2.2813568434619,Vanves
2887049308225282,train,48.831337737659,2.2926796012219,Vanves
828632914446986,train,48.876503693444,2.3182726826511,Clichy
463791921503948,train,48.819140128934,2.3126170688428,Montrouge
513667659659505,train,48.827070004827,2.337274923474,Gentilly
228818581996579,train,48.893359277637,2.3218945353158,Saint-Ouen
507902550233720,train,48.826612959943,2.2615758590352,Boulogne-Billancourt
889434545170058,train,48.891235911442,2.2417656502626,La Defense
908903236345819,train,48.839666388376,2.2932263424406,Vanves
160714039330380,train,48.890095769898,2.3432116012684,Saint-Ouen
2973153032900275,train,48.837450876013,2.2967988451681,Vanves
321554072791018,train,48.833691427864,2.2862358792604,Vanves
255728659571459,train,48.842938255583,2.3126732761125,Malakoff
131903038867828,train,48.893119712289,2.3055470238073,Clichy
836364110620236,train,48.875292252018,2.313596553108,Clichy
196899848761884,train,48.882480520381,2.2778941279704,Neuilly-sur-Seine
1788947361266336,train,48.866162045998,2.2279580323785,Suresnes
147004250677513,train,48.90190873328,2.2755160572361,Levallois-Perret
813372686270664,train,48.861192534019,2.2968796116979,Levallois-Perret
1031546910711054,train,48.831739925082,2.3365715687679,Gentilly
296202645495491,train,48.882459349463,2.3247278835411,Saint-Ouen
964927567613593,train,48.889928419966,2.3126278889415,Clichy
218369479711830,train,48.817016870211,2.3355551671784,Gentilly
143262351165733,train,48.890754433434,2.313264913542,Clichy
498994344555939,train,48.818629210805,2.25779889701,Boulogne-Billancourt
1654288304961179,train,48.898292072213,2.3291376919897,Saint-Ouen
4134166809977388,train,48.855166281804,2.3308750581934,Paris
330097502010223,train,48.879829566321,2.2635173026238,Neuilly-sur-Seine
980970389355892,train,48.89188260134,2.3179156011833,Clichy
138541441596041,train,48.817615854113,2.2666143268933,Issy-les-Moulineaux
828006984469343,train,48.881043246993,2.3402728792302,Saint-Ouen
480872126592514,train,48.827755833333,2.3056669444444,Malakoff
924313938410617,train,48.818361014812,2.2336300144623,Meudon
488813022542998,train,48.898776587349,2.344117621971,Saint-Ouen
1169033340211477,train,48.8640260232,2.2855097023061,Neuilly-sur-Seine
301417411615713,train,48.880226628215,2.2306134360205,Suresnes
2822460611340787,train,48.88533332006,2.2607221123127,Neuilly-sur-Seine
465499051199635,train,48.837672248868,2.2478832606438,Boulogne-Billancourt
495845298279692,train,48.899072533653,2.2620736425884,Courbevoie
916840899111389,train,48.847812543321,2.2651937624062,Boulogne-Billancourt
470914917489469,train,48.901715647245,2.3433614082022,Saint-Ouen
4345139008850454,train,48.896981231396,2.2958136233314,Levallois-Perret
944268763012983,train,48.883288747357,2.2539009065683,Courbevoie
521653752579247,train,48.893144985731,2.2928691236698,Levallois-Perret
229000778991617,train,48.901603509557,2.2996451805988,Clichy
155189403275236,train,48.834684047927,2.2423966624575,Boulogne-Billancourt
927826841384411,train,48.828929988009,2.2306375425516,Sevres
327897372083028,train,48.886058871443,2.3175572938672,Clichy
137974128385795,train,48.894841486644,2.312847694619,Clichy
541276217038957,train,48.838605681362,2.3194947150479,Montrouge
2988163078132006,train,48.855161735247,2.2523244948243,Boulogne-Billancourt
1123827151426040,train,48.861155564753,2.310346852061,Clichy
564545657844481,train,48.88735011294,2.319660144017,Clichy
614724673259021,train,48.867258658291,2.3438115093854,Paris
197183662245702,train,48.867524773493,2.299411251275,Levallois-Perret
172607564762307,train,48.84466663645,2.2801851458644,Vanves
501874087834803,train,48.87195023839,2.343078514002,Paris
936853363716115,train,48.890553333499,2.3015202289869,Clichy
2756346081342279,train,48.872428965701,2.2942781940571,Levallois-Perret
368531291159197,train,48.815877225437,2.3433557687724,Gentilly
779648042687502,train,48.879609115164,2.237861812979,Puteaux
3916322235151441,train,48.828555293843,2.23872279912,Boulogne-Billancourt
392307351856956,train,48.832675266572,2.338580207743,Gentilly
1646284408904106,train,48.899133226025,2.3209229285903,Clichy
296878935243859,train,48.83127392271,2.3334337725459,Gentilly
589374512464548,train,48.870428208902,2.3060951881785,Levallois-Perret
956899411817229,train,48.852953990114,2.2920318908577,Vanves
299049631798972,train,48.839903537078,2.2383762355723,Boulogne-Billancourt
212667293643786,train,48.815432579451,2.2965883697693,Malakoff
918325552072949,train,48.87128534274,2.2761637583562,Neuilly-sur-Seine
457271668673726,train,48.860166605419,2.3102083504433,Paris
159248276034317,train,48.851801828752,2.3256235456865,Paris
380929273212138,train,48.88895851635,2.266453292994,Neuilly-sur-Seine
1289767281424943,train,48.896077130325,2.336371142976,Saint-Ouen
1052839471874345,train,48.827955555556,2.2675077777778,Issy-les-Moulineaux
450234722741222,train,48.857373603624,2.3182185458716,Paris
251351976676708,train,48.878482583504,2.2487362870768,Puteaux
255433006360309,train,48.89061060496,2.3124962512489,Clichy
788534135130398,train,48.896659955086,2.3430810245568,Saint-Ouen
214940106867762,train,48.893955459378,2.2570867422369,Courbevoie
229897145563522,train,48.856442500783,2.3151729088148,Paris
1462613143909342,train,48.895788486448,2.2241508384541,La Defense
278834257298245,train,48.882244585741,2.2592852968045,Neuilly-sur-Seine
3426729097430192,train,48.89442541218,2.2893988298176,Levallois-Perret
4309922525718783,train,48.819222105086,2.3007703417796,Malakoff
5502227286515448,train,48.901926430863,2.2395290309577,La Garenne-Colombes
144084057730197,train,48.851935103521,2.2912515315183,Vanves
1107663356381914,train,48.846584581781,2.3265839337619,Paris
2978295199108901,train,48.896370644571,2.3001077730097,Clichy
1032297913973279,train,48.847462308106,2.3025323859526,Vanves
768403363862491,train,48.820592966734,2.2914297224452,Vanves
3980989741992687,train,48.818978502391,2.2913795218186,Vanves
1207037993047553,train,48.863058576716,2.2616127762319,Neuilly-sur-Seine
535430677440161,train,48.864376943996,2.3247925932515,Paris
304628114493035,train,48.901497531303,2.2358579319266,La Defense
454717382290196,train,48.894052007659,2.3394919012032,Saint-Ouen
1184282822000611,train,48.866535015283,2.3104466698154,Clichy
825737731369494,train,48.836392619171,2.2524957397237,Boulogne-Billancourt
1526412187529276,train,48.890370232895,2.2697396070062,Neuilly-sur-Seine
3854941704631897,train,48.889838570922,2.2765339318037,Neuilly-sur-Seine
3951656524941238,train,48.828763764943,2.3058954598042,Malakoff
197940258836139,train,48.852959423736,2.2818526362846,Vanves
2308493285969749,train,48.843350639211,2.3383204535774,Paris
397933177856265,train,48.841987606692,2.3128921979434,Malakoff
470240360972271,train,48.828970272273,2.2635291611489,Boulogne-Billancourt
764984880871185,train,48.88115589185,2.2987251621288,Levallois-Perret
313840286883927,train,48.848354209558,2.2517890627023,Boulogne-Billancourt
371912100847846,train,48.836445006877,2.299645058412,Vanves
764516677543037,train,48.83489929791,2.2738946113539,Issy-les-Moulineaux
795172677785431,train,48.822177137924,2.2322440993558,Meudon
1109209886224675,train,48.873270833333,2.3245088888889,Saint-Ouen
1157338128060705,train,48.822799030721,2.22530827361,Sevres
181319843864905,train,48.880816315182,2.2845138119184,Levallois-Perret
463610098307412,train,48.881803684455,2.3392541320949,Saint-Ouen
143724457772170,train,48.856533540268,2.2675512470106,Neuilly-sur-Seine
476326543598841,train,48.891342669949,2.334721653152,Saint-Ouen
1000738267130408,train,48.833469496891,2.342751034557,Gentilly
936500887188703,train,48.883541274184,2.3154413708369,Clichy
174976261153433,train,48.854490251997,2.2885117493459,Vanves
849625459096115,train,48.891608492476,2.30187327263,Clichy
905729600278013,train,48.861828075521,2.322515431773,Paris
1146234649223534,train,48.856328322329,2.2682130862514,Neuilly-sur-Seine
465884481180089,train,48.876827152832,2.3391796223751,Saint-Ouen
301102644931834,train,48.830928355409,2.3181366264136,Montrouge
1954807098012766,train,48.900171068774,2.2564716185324,Courbevoie
483163879465438,train,48.897923226375,2.3012729159614,Clichy
1139689019849191,train,48.87971462155,2.3235317702575,Saint-Ouen
979984726089474,train,48.886338205084,2.2258369498843,Puteaux
906273656601490,train,48.843613468343,2.2958665628252,Vanves
1115918502204189,train,48.88637895354,2.3058116266611,Clichy
534533571258581,train,48.83382663309,2.2950377252426,Vanves
1143797339419824,train,48.819632587862,2.2240624049831,Sevres
769013410409248,train,48.901435496076,2.4432345059974,Bobigny
220354226560563,train,48.863892464202,2.4259296360521,Bagnolet
522805649085871,train,48.892884871707,2.3797511392067,Aubervilliers
188579906462428,train,48.865964328472,2.3770523402365,Paris
478648940049811,train,48.89768925,2.3806857399995,Aubervilliers
384756492731101,train,48.815028913502,2.3838381565611,Ivry-sur-Seine
2916839618643459,train,48.849547222222,2.3742916666667,Paris
5436630019743287,train,48.870248993645,2.4132569136561,Bagnolet
292686439061168,train,48.842243864964,2.3878638954272,Ivry-sur-Seine
888808505017019,train,48.836251510119,2.4419302348789,Vincennes
162801225655609,train,48.848019444435,2.377327777793,Paris
522750068723628,train,48.893436130008,2.3599769499966,Saint-Ouen
460093122567910,train,48.82346682431878,2.410611791768553,Charenton-le-Pont
2871232879758810,train,48.858572716811,2.3797436338328,Paris
1257115138075871,train,48.824067430104,2.3900871737215,Ivry-sur-Seine
296315112164844,train,48.899037133212,2.3546643974858,Saint-Ouen
1157625911329563,train,48.822870847062,2.40873358202,Charenton-le-Pont
372643804170680,train,48.816207538007,2.4510204574841,Maisons-Alfort
314378320067389,train,48.876290082231,2.3722760204626,Paris
543414920372744,train,48.895253888889,2.3516238888889,Saint-Ouen
1153549855119668,train,48.89572887442,2.4044311043178,Pantin
507451440388751,train,48.892503625477,2.3946509085667,Le Pre-Saint-Gervais
1393296957704940,train,48.827181759697,2.3896870455685,Ivry-sur-Seine
1343243049380662,train,48.839449072935,2.4132937720266,Saint-Mande
475312773713190,train,48.844937909586,2.3465325692839,Paris
187377733211665,train,48.898429798142,2.4695010175895,Noisy-le-Sec
475273660392397,train,48.859794467079,2.3836599402475,Le Pre-Saint-Gervais
189082839725498,train,48.866741089133,2.3581875362276,Paris
255607786317778,train,48.857885974132,2.3710216043935,Paris
142052721239010,train,48.825381326613,2.3883326105283,Ivry-sur-Seine
1368762636840915,train,48.842531355128,2.3976131297656,Saint-Mande
1119361321914691,train,48.864701001144,2.4040901030372,Bagnolet
498960111240170,train,48.861667785638,2.3878329238738,Le Pre-Saint-Gervais
1189150158177787,train,48.86318550392,2.4042510249678,Bagnolet
5724287580922689,train,48.898343537756,2.3935075326118,Pantin
495514898224190,train,48.837160191917,2.4407174254544,Vincennes
284850746453782,train,48.840334084701,2.4136576948001,Saint-Mande
199601385301581,train,48.899936637478,2.4696339169279,Noisy-le-Sec
502452230908148,train,48.876148796055,2.3808299781351,Le Pre-Saint-Gervais
130441012445126,train,48.822824424319,2.4656696994886,Joinville-le-Pont
1080911495749293,train,48.856162864606,2.405232103016,Bagnolet
755024275115319,train,48.843464086486,2.3463319620639,Paris
1240282846392168,train,48.880785656752,2.3816404654096,Le Pre-Saint-Gervais
166397745415833,train,48.887930267025,2.3744362608992,Le Pre-Saint-Gervais
453914535671305,train,48.896794349039,2.3863145463888,Aubervilliers
231525128763509,train,48.857208588051,2.4141696535747,Bagnolet
504693540971507,train,48.891377266691,2.3516130864719,Saint-Ouen
1188507528245048,train,48.890317007128,2.3562403198202,Saint-Ouen
864315384296757,train,48.876859003946,2.3925211130805,Le Pre-Saint-Gervais
965910537502798,train,48.844632443343,2.3523145027193,Paris
300036021653978,train,48.890319575001,2.4696051131508,Noisy-le-Sec
2630331253931150,train,48.867351595867,2.4138302326128,Bagnolet
500760477727188,train,48.838392194293,2.4039299867339,Saint-Mande
303607861210955,train,48.864273354477,2.3802779552977,Le Pre-Saint-Gervais
4005540986155665,train,48.817598429869,2.4042388045561,Charenton-le-Pont
250754483200879,train,48.868440904624,2.4335794695652,Montreuil
4530704896958155,train,48.847831012309,2.3989808695477,Saint-Mande
539655754086443,train,48.828899997518,2.3991866873246,Charenton-le-Pont
1185212101932031,train,48.844735410222,2.3896894631304,Saint-Mande
2832529520410957,train,48.819641993687,2.4618537731602,Joinville-le-Pont
1094747437680830,train,48.825795740753,2.3551921793782,Le Kremlin-Bicetre
117452804219382,train,48.8984882999974,2.4230412999972595,Pantin
2026991664148939,train,48.824178359462,2.3641282745086,Le Kremlin-Bicetre
485600905981615,train,48.841295274291,2.3681712030093,Paris
289480159398043,train,48.89094541,2.39002618,Le Pre-Saint-Gervais
250396783499303,train,48.829566929173,2.3462505679171,Gentilly
778867073020945,train,48.855465407614,2.3505361423866,Paris
919010528921722,train,48.816285381545,2.4675742383385,Joinville-le-Pont
1993018110846268,train,48.833861705341,2.3818432869529,Ivry-sur-Seine
215557470082781,train,48.845326007234,2.4309385289741,Vincennes
1429551877386884,train,48.828163662465,2.3527165205968,Le Kremlin-Bicetre
389557225510554,train,48.85392506357,2.4693299634309,Fontenay-sous-Bois
247056690341808,train,48.900466505001,2.3632411674014,Aubervilliers
1332680970466121,train,48.869854475799,2.3477771529014,Paris
153799500042247,train,48.824497684095,2.3522528060475,Le Kremlin-Bicetre
278011860699323,train,48.842167281271,2.3979613984198,Saint-Mande
311452780538173,train,48.856944561369,2.442777781866,Montreuil
327625172112527,train,48.840205467185,2.3514992452633,Paris
4050199371698393,train,48.883071035017,2.370894899242,Le Pre-Saint-Gervais
264264375401403,train,48.838422880042,2.3506620113034,Paris
469238347733548,train,48.88371043963,2.389819433329,Le Pre-Saint-Gervais
213636030534728,train,48.881153283921,2.3639785172049,Paris
1341149106285340,train,48.869543300201,2.4089688711965,Bagnolet
205935997768051,train,48.828580513897,2.4661360660808,Joinville-le-Pont
1108949366293391,train,48.884503938631,2.3761336263187,Le Pre-Saint-Gervais
1462255324117828,train,48.853365544772,2.3700169434319,Paris
1598104523710646,train,48.885895845581,2.3498735834692,Saint-Ouen
642152097291294,train,48.87439567160328,2.440707656921463,Montreuil
246669173916070,train,48.845992717835,2.3621579906887,Paris
3131864613747168,train,48.865447025755,2.3562709876417,Paris
215057373414076,train,48.815398967381,2.3528632042828,Le Kremlin-Bicetre
851944705536731,train,48.816612,2.395313,Ivry-sur-Seine
844098786196359,train,48.844405697151,2.3900911672244,Saint-Mande
2779106025664692,train,48.865117362277,2.4177827825376,Bagnolet
1121466694931909,train,48.851319543401,2.3516660886193,Paris
1976924359122919,train,48.856886515835,2.3540978419357,Paris
844021426192350,train,48.827996915089,2.3953202973232,Ivry-sur-Seine
808506919759744,train,48.895332301131,2.4248454840475,Romainville
221540892687496,train,48.900327187822,2.4106028041845,Pantin
473533700524646,train,48.845736470951,2.3737639455917,Paris
1621302618079857,train,48.849171412416,2.3674444002728,Paris
932228690893548,train,48.876182708498,2.3646903213953,Paris
518622425824209,train,48.869668335793,2.3550683021299,Paris
294557445584841,train,48.896313628894,2.3975500344808,Pantin
2863255050559640,train,48.851107256373,2.3587300012813,Paris
494490628364031,train,48.896426666348,2.3546571819331,Saint-Ouen
630029447956612,train,48.860593828838,2.3618056949463,Paris
942412709903277,train,48.827674963374,2.3587333441775,Le Kremlin-Bicetre
222928309555446,train,48.882162826723,2.3935398469027,Le Pre-Saint-Gervais
841699366695070,train,48.877152135115,2.3655887514644,Paris
127880682696609,train,48.880817088609,2.3869796632932,Le Pre-Saint-Gervais
898957397552055,train,48.816037665725,2.3611128787599,Le Kremlin-Bicetre
492771958833243,train,48.840843168384,2.356035043329,Paris
341201947348079,train,48.870625851955,2.403502951321,Bagnolet
151350133545814,train,48.827698364839,2.3522884796271,Le Kremlin-Bicetre
492012105570620,train,48.90001226061,2.4415584664979,Bobigny
187334803275825,train,48.826316067511,2.3635598883263,Le Kremlin-Bicetre
472274923984812,train,48.833116764866,2.4011369667983,Charenton-le-Pont
218258670060302,train,48.847398777234,2.4037792637718,Saint-Mande
918003715658706,train,48.853536735282,2.4065769746043,Bagnolet
195392182270087,train,48.828980836976,2.3999338306742,Charenton-le-Pont
479650896467823,train,48.849122403024,2.3907128491182,Saint-Mande
1143544496094178,train,48.89900150776,2.4301400417164,Romainville
835344643732110,train,48.8529681321,2.4146237835277,Bagnolet
260423722444847,train,48.870719966662,2.3475183989065,Paris
291611319182758,train,48.891074530017,2.3853684016026,Le Pre-Saint-Gervais
251812030063746,train,48.864399999563,2.4090297410006,Bagnolet
764598510880258,train,48.843592329519,2.3482242604509,Paris
1006605073417068,train,48.87903877109,2.3689421054908,Paris
932142124024580,train,48.827255677928,2.3850320851716,Ivry-sur-Seine
725580141842478,train,48.89564905841383,2.414967246592181,Pantin
371919667456048,train,48.876632155703,2.408283253176,Le Pre-Saint-Gervais
304441021278787,train,48.839291565075,2.40425194581,Saint-Mande
4013424148744985,train,48.832924975998,2.3962183954451,Charenton-le-Pont
487741702276492,train,48.879374733142,2.380562800206,Le Pre-Saint-Gervais
746720855994023,train,48.867785546826,2.3683812076982,Paris
771944183711904,train,48.838161684265,2.3991185816515,Saint-Mande
1118122521999872,train,48.848029493625,2.3839522872898,Ivry-sur-Seine
312499613613444,train,48.816915346582,2.4459756016948,Maisons-Alfort
490428475498358,train,48.874567832707,2.3635857778328,Paris
989070101832524,train,48.854291391098,2.4002930672807,Bagnolet
294893178840472,train,48.866564733853,2.4348246492631,Montreuil
1603040546553679,train,48.850058727704,2.3620293024811,Paris
759392204749284,train,48.850578333333,2.3670866666667,Paris
506430930359286,train,48.820450084425,2.3644113120949,Le Kremlin-Bicetre
268671984961189,train,48.846619392848,2.4146868233018,Saint-Mande
483307632958526,train,48.864537990009,2.4126917169786,Bagnolet
2763117657351948,train,48.89403495558,2.3944435085884,Le Pre-Saint-Gervais
2798545130409788,train,48.859608688444,2.3447739093721,Paris
2919166178332045,train,48.897021528868,2.4301139847235,Romainville
842106389717535,train,48.862360815073,2.372031989929,Paris
1684637661888675,train,48.81824166666667,2.4523416666666664,Maisons-Alfort
200812874982921,train,48.837996238013,2.412844495727,Saint-Mande
175676284424956,train,48.846141587831,2.3545677556831,Paris
2079614618845410,train,48.880864522073,2.365751231385,Paris
944873743001945,train,48.897872444847,2.3547419942454,Saint-Ouen
993011231443478,train,48.860114825294,2.3833276566134,Le Pre-Saint-Gervais
788726571831224,train,48.860278073065,2.4043001190304,Bagnolet
465195741455095,train,48.876352457275,2.3511798095287,Paris
1353177131729533,train,48.876244900411,2.3768129135051,Le Pre-Saint-Gervais
2901698756784623,train,48.895642152492,2.3594500713494,Saint-Ouen
318542386455493,train,48.869804948762,2.4133358935138,Bagnolet
690024365051888,train,48.858734403085,2.4056369390452,Bagnolet
480022699910050,train,48.865874864731,2.3607167163035,Paris
1924679017681878,train,48.83912243685,2.3862264554251,Ivry-sur-Seine
466578534567178,train,48.851408831457,2.3614570985906,Paris
379628699904483,train,48.896256777875,2.3991332350344,Pantin
504833387527883,train,48.894374804383,2.3473382080165,Saint-Ouen
494845875288869,train,48.897665700529,2.4376761649985,Bobigny
948573269273036,train,48.869109539177,2.4090311223929,Bagnolet
465761251170112,train,48.87902672616,2.3632015223532,Paris
1370453493337437,train,48.816781661981,2.3780023114776,Ivry-sur-Seine
1227883307640523,train,48.823034216572,2.4626450120263,Joinville-le-Pont
945274902892929,train,48.868756174817,2.3868776844351,Le Pre-Saint-Gervais
113866024098922,train,48.847385051641,2.4069010338582,Saint-Mande
2836125810036798,train,48.853563615238,2.4698615786294,Fontenay-sous-Bois
2237613183036795,train,48.827063269601,2.3518300237232,Le Kremlin-Bicetre
1161208644305027,train,48.845483720247,2.4345746904149,Vincennes
499342498095342,train,48.882599494355,2.3445492502623,Saint-Ouen
929714584489572,train,48.85448720273,2.4686251747302,Fontenay-sous-Bois
729157184399632,train,48.862554689554,2.3504236852069,Paris
772213253655999,train,48.879143844741,2.3985433296326,Le Pre-Saint-Gervais
228527169040974,train,48.893583332495,2.3953016645761,Le Pre-Saint-Gervais
1650119291864892,train,48.854615174313,2.4080414941947,Bagnolet
949043709306358,train,48.82149357909479,2.42335756418508,Saint-Maurice
976817653058638,train,48.901625446974,2.3481087900618,Saint-Ouen
177726104141094,train,48.830142944405,2.4502562701194,Maisons-Alfort
578957233506859,train,48.839375887217,2.4421439541067,Vincennes
408266407063112,train,48.82239055742,2.3475809252168,Gentilly
3010633492506477,train,48.88796933,2.38957134,Le Pre-Saint-Gervais
121465640027529,train,48.827427235,2.4044806310887,Charenton-le-Pont
2435283903283876,train,48.823238052957,2.3621840339787,Le Kremlin-Bicetre
466155877943308,train,48.859414952458,2.3674500181519,Paris
309800150781096,train,48.85966183945,2.3511781867418,Paris
215514340009771,train,48.84737284108,2.4040684955525,Saint-Mande
765381537510735,train,48.817562336746,2.4409058397748,Maisons-Alfort
456078749009591,train,48.834281980306,2.3851823172455,Ivry-sur-Seine
268772191635476,train,48.830406619796,2.3564650667152,Le Kremlin-Bicetre
944174063101422,train,48.826714126109,2.3665240069802,Le Kremlin-Bicetre
162655375796851,train,48.815472996931,2.4619940061249,Joinville-le-Pont
2854934394824012,train,48.829678188768,2.3804252087716,Ivry-sur-Seine
840410379898570,train,48.867343620913,2.3729752273235,Paris
474702050403290,train,48.88205504943,2.3616489313759,Paris
2657052281258775,train,48.851151779829,2.3986966259349,Saint-Mande
959706094776989,train,48.869936243333,2.366578989558,Paris
546141746791160,train,48.865383874559,2.425402258506,Bagnolet
1488941351451990,train,48.874337176078,2.4082070481301,Bagnolet
1102457517246488,train,48.861518846014,2.3524630874081,Paris
2904412876350552,train,48.861130555556,2.3949611111111,Bagnolet
2958281617752465,train,48.857762264589,2.3478218823865,Paris
1018842625314980,train,48.862841361931,2.357919066784,Paris
921186432067323,train,48.840200280937,2.374288874496,Ivry-sur-Seine
143151081111713,train,48.821958628682,2.3586689663111,Le Kremlin-Bicetre
765131520797944,train,48.817450568637,2.3670844794042,Le Kremlin-Bicetre
783674972352377,train,48.851993867964,2.414898410157,Saint-Mande
132887215522943,train,48.867721105115,2.4133500505385,Bagnolet
868906016994092,train,48.846577777778,2.3722527777778,Paris
4790900261031131,train,48.822235990133045,2.423191186217094,Saint-Maurice
311867663659893,train,48.847801159498,2.3930034563139,Saint-Mande
485773372626835,train,48.882491517824,2.4012036131141,Le Pre-Saint-Gervais
3979185458840645,train,48.816425037998,2.3563699922638,Le Kremlin-Bicetre
565427187772490,train,48.844730731828,2.3640871181703,Paris
1210979722667459,train,48.861666666667,2.400284348865,Bagnolet
287633869613890,train,48.825891574012,2.3574263148458,Le Kremlin-Bicetre
290988295839918,train,48.859442433996,2.3717045627097,Paris
281737843631593,train,48.862112488398,2.3769618745595,Paris
810471586515117,train,48.873055604984,2.4048357844248,Le Pre-Saint-Gervais
131309152314233,train,48.87813,2.384772,Le Pre-Saint-Gervais
466915977753726,train,48.87599106345,2.4172984181499,Les Lilas
2556933397786827,train,48.841398835202,2.3519708831326,Paris
475749790327717,train,48.834958114875,2.3464472071616,Paris
772418056994639,train,48.879965726506,2.4502314112674,Romainville
172685894756528,train,48.854212312244,2.3847839134806,Bagnolet
276142334182225,train,48.817327226116,2.416516083281,Charenton-le-Pont
943961926418181,train,48.819112556733,2.3445425822768,Gentilly
1497949187224871,train,48.875815381409,2.4095743571959,Le Pre-Saint-Gervais
473389570552207,train,48.858638457232,2.3786203811051,Paris
1174177753047594,train,48.892805240501,2.3487906560195,Saint-Ouen
904305933464856,train,48.894017733113,2.3476493226611,Saint-Ouen
478450866831695,train,48.893201521383,2.385221128031,Le Pre-Saint-Gervais
2870379769946314,train,48.848183083996,2.3485467513843,Paris
461373645159324,train,48.864626131517,2.4075124558803,Bagnolet
805138706775468,train,48.895133456572,2.3551453629761,Saint-Ouen
473172120603405,train,48.856450727392,2.4140232944288,Bagnolet
296361648595294,train,48.824000061718,2.3747968466939,Ivry-sur-Seine
803190970314400,train,48.852365645569,2.3720783957696,Paris
820913808529981,train,48.840859563572,2.3496399056586,Paris
474257263861088,train,48.833559937864,2.3448333894851,Paris
810694759576171,train,48.89374328534,2.4188877824441,Pantin
740044086686896,train,48.869247,2.389482,Le Pre-Saint-Gervais
264885935327247,train,48.824968932499,2.4027985522703,Charenton-le-Pont
838617870076699,train,48.817412545264,2.4319912580388,Saint-Maurice
419017065854826,train,48.881116578457,2.3497917641411,Saint-Ouen
1222231054862626,train,48.881106442373,2.4037984726845,Le Pre-Saint-Gervais
314576406846567,train,48.826226438698,2.407265957255,Charenton-le-Pont
906043936913499,train,48.876559918039,2.3607949694756,Paris
482582819934206,train,48.81826426884432,2.4385850920312664,Maisons-Alfort
1037064600156800,train,48.823384972988,2.407725599176,Charenton-le-Pont
1954753334690031,train,48.866544642101,2.3831464612779,Le Pre-Saint-Gervais
218875729743560,train,48.866470731316,2.3540003485284,Paris
1001998947004536,train,48.8675560942,2.3760351140692,Paris
1019959925075708,train,48.822328261201,2.3541048909108,Le Kremlin-Bicetre
166884855348059,train,48.8907742,2.39018976,Le Pre-Saint-Gervais
248279443715844,train,48.85418604139,2.3782420746796,Paris
966790684058304,train,48.872671201697,2.3634555783301,Paris
315480753346805,train,48.854012204943,2.3558704077705,Paris
536281347865534,train,48.81929368913728,2.4238153692532687,Saint-Maurice
805707186806425,train,48.863475185463,2.3760278259464,Paris
486072345935400,train,48.864920768375,2.460863256579,Montreuil
926831561487346,train,48.844544163823,2.4064402210764,Saint-Mande
292107859231809,train,48.851065935304,2.4072548072217,Saint-Mande
850875045843129,train,48.83883262107,2.3498608615198,Paris
471704560564201,train,48.892561029023,2.369382098155,Aubervilliers
308922804071929,train,48.816780555556,2.4344644444444,Maisons-Alfort
2653965274903505,train,48.820060907631,2.4128469031227,Charenton-le-Pont
297385451840259,train,48.841043702415,2.373362325732,Paris
275270700905058,train,48.85262699903,2.4145480338317,Saint-Mande
504019650733512,train,48.893381930067,2.3636741300909,Aubervilliers
516269696057657,train,48.844248516614,2.3686946474907,Paris
188622999746428,train,48.858954294577,2.3892412808334,Bagnolet
470419340954380,train,48.826027127761,2.3533531300416,Le Kremlin-Bicetre
1176224422895198,train,48.864613753729,2.3926412043273,Le Pre-Saint-Gervais
589352102024853,train,48.824108358429,2.3782259746006,Ivry-sur-Seine
1633252360209533,train,48.842114019215,2.3482892524503,Paris
300803331553117,train,48.825688179928,2.3669938900037,Le Kremlin-Bicetre
1414177632272360,train,48.863083333333,2.3622416666667,Paris
833739573899622,train,48.895695709774,2.3549426047733,Saint-Ouen
477476286900180,train,48.852580061476,2.3545787639512,Paris
526001245439514,train,48.856113993008,2.4056793652687,Bagnolet
3885629654806552,train,48.82311429144,2.3953597390459,Ivry-sur-Seine
936881613554935,train,48.862358296848,2.3831927823446,Le Pre-Saint-Gervais
304554077958023,train,48.817547632484,2.3501838726785,Gentilly
4399463666820668,train,48.823774233489765,2.4158095984972934,Charenton-le-Pont
1153969721680551,train,48.827049989981,2.392508300495,Ivry-sur-Seine
240136657904965,train,48.856407271735,2.4674898727062,Fontenay-sous-Bois
2857215024403201,train,48.867185754494,2.434562197778,Montreuil
212324180350594,train,48.822489935595,2.3673325454827,Le Kremlin-Bicetre
463762058039704,train,48.864817206882,2.3999404918432,Bagnolet
306411331089958,train,48.816732729462,2.4443121673293,Maisons-Alfort
809974346598462,train,48.833641666884,2.4091316670016,Saint-Mande
162693322441067,train,48.883453633192,2.387816471768,Le Pre-Saint-Gervais
507628670618753,train,48.883431129671,2.3602132300737,Saint-Ouen
975289976553667,train,48.873816148204,2.3869955146175,Le Pre-Saint-Gervais
767798390796167,train,48.839783496266,2.3470510886335,Paris
756075228396461,train,48.875208860977,2.405675364424,Le Pre-Saint-Gervais
273665171132689,train,48.81921867,2.40696996,Charenton-le-Pont
2660442154178164,train,48.875982995695,2.4237466694534,Les Lilas
2528285587317127,train,48.846329860998,2.4134692779378,Saint-Mande
117096327093052,train,48.86442569405,2.3794321984175,Le Pre-Saint-Gervais
304545197828410,train,48.888932723496,2.3801248527021,Le Pre-Saint-Gervais
901177137094843,train,48.876492495047,2.38136313817,Le Pre-Saint-Gervais
813136879318563,train,48.852574314093,2.4385912930568,Vincennes
375992337179024,train,48.897226564581,2.370466138681,Aubervilliers
4278800472154711,train,48.854546195993,2.3630836324347,Paris
292321409230959,train,48.844638617289,2.3452883252566,Paris
892249744677030,train,48.85573401164,2.4142065697075,Bagnolet
177407370941359,train,48.857285688202,2.4101215510568,Bagnolet
459909735286191,train,48.892037025238,2.3956836966489,Le Pre-Saint-Gervais
571958667527896,train,48.891319249922,2.3613490200462,Saint-Ouen
1182480478867768,train,48.85478812846,2.4683880246358,Fontenay-sous-Bois
1481670515558599,train,48.820554760918,2.3718264521068,Le Kremlin-Bicetre
147081634094772,train,48.821422727368,2.369635278653,Le Kremlin-Bicetre
1487066624830593,train,48.815831133834,2.4162936827894,Charenton-le-Pont
2881240168799116,train,48.827932234458,2.3794879556659,Ivry-sur-Seine
547073156670480,train,48.858172047892,2.3472509733114,Paris
1739091292958455,train,48.882426158973,2.3862076272192,Le Pre-Saint-Gervais
1434150046920458,train,48.876187336985,2.4060700544879,Le Pre-Saint-Gervais
631814971448132,train,48.82337993523102,2.428289387454468,Saint-Maurice
281818343603914,train,48.841888485431,2.3649878159439,Paris
410819756750387,train,48.89571302375344,2.3754580434406853,Aubervilliers
182424097572029,train,48.896541577038654,2.416558910330392,Pantin
308627513977051,train,48.845704288704,2.3724950456366,Paris
863630307552531,train,48.815771001106,2.4613690051854,Joinville-le-Pont
300817254878852,train,48.856831276183,2.3941032041912,Bagnolet
490549358814560,train,48.886026887686,2.3777356038123,Le Pre-Saint-Gervais
959813718002961,train,48.822133333333326,2.432341666666666,Saint-Maurice
4052952178085532,train,48.888457282476,2.3467089660847,Saint-Ouen
174752781221957,train,48.832873972326,2.4465945087667,Vincennes
901307790443036,train,48.884511611693,2.3495267375409,Saint-Ouen
4102080913160457,train,48.89809258998,2.3473233643799,Saint-Ouen
183001137003594,train,48.865283818489,2.3698656946595,Paris
1843428705832546,train,48.852373762836,2.3471944875781,Paris
495404225040616,train,48.82696,2.3664566666667,Le Kremlin-Bicetre
210568510742280,train,48.826844975661,2.3532999590202,Le Kremlin-Bicetre
4244559018928969,train,48.838291886486,2.4128096831622,Saint-Mande
1340228696345235,train,48.86124325589,2.4140103259656,Bagnolet
2944817832453090,train,48.892918269231,2.3786921191365,Aubervilliers
182091490430269,train,48.820186990319,2.4598543499381,Joinville-le-Pont
155605453162414,train,48.84105125625,2.435080125543,Vincennes
257718373196121,train,48.82257780491708,2.412013824155365,Charenton-le-Pont
300857498307366,train,48.854992979256,2.3954214428103,Bagnolet
463021158289261,train,48.857484168832,2.370846202771,Paris
221958562662435,train,48.885275567901,2.3638780564638,Saint-Ouen
2892841090981674,train,48.901766564012,2.3589439028999,Saint-Ouen
569642790685913,train,48.82139314774,2.4018465798864,Charenton-le-Pont
519779849177207,train,48.822600443109,2.4092044661749,Charenton-le-Pont
542287676933272,train,48.897083925958,2.3961660239916,Pantin
2805655529695725,train,48.890570707635,2.3500973448136,Saint-Ouen
187600429761757,train,48.874834972345,2.3695131516636,Paris
193813092588874,train,48.840133626512,2.3811297872727,Ivry-sur-Seine
473724447187546,train,48.875007729774,2.3630614674645,Paris
1440161029715977,train,48.820510025152,2.3486717221594,Gentilly
147870844349077,train,48.81934166666668,2.4375444444444447,Maisons-Alfort
497082054670795,train,48.83588261791,2.39568717778,Saint-Mande
2943562292595601,train,48.820698389158,2.3947027208069,Ivry-sur-Seine
368650531158411,train,48.886530744928,2.3496583162231,Saint-Ouen
173777817945857,train,48.826738119841,2.3902447115544,Ivry-sur-Seine
756153815093156,train,48.8933018,2.35622328,Saint-Ouen
2877470062570134,train,48.864783133396,2.3947403958541,Bagnolet
275528847598149,train,48.880284325554,2.3497080752416,Saint-Ouen
131667818994284,train,48.838605215027,2.3960832896421,Saint-Mande
164106385617329,train,48.829567624515,2.3909575815345,Ivry-sur-Seine
492815802520042,train,48.82283837929981,2.4313644180280702,Saint-Maurice
254249080212495,train,48.818226360221296,2.440526644493923,Maisons-Alfort
804581376831927,train,48.816551923424,2.4466869525409,Maisons-Alfort
752698342041083,train,48.827095614395,2.4647181747419,Joinville-le-Pont
313142053497994,train,48.827060394618,2.380412901847,Ivry-sur-Seine
475534330456822,train,48.841856367441,2.437586091057,Vincennes
370978840952783,train,48.863838785381,2.3864960135568,Le Pre-Saint-Gervais
507197263747821,train,48.860976925436,2.3829642827756,Le Pre-Saint-Gervais
120258730109400,train,48.88709836659,2.3868686882226,Le Pre-Saint-Gervais
555890415403132,train,48.886313099364,2.3980507341004,Le Pre-Saint-Gervais
535568967795169,train,48.8889224,2.3463455,Saint-Ouen
543802039946937,train,48.849343985344,2.3618409647105,Paris
1128711540981705,train,48.841174007162,2.432498066446,Vincennes
2886131208369281,train,48.868200294422,2.368058954406,Paris
459181695369900,train,48.819051624152,2.4578451113026,Joinville-le-Pont
168680695141071,train,48.891679270978,2.3674516635515,Aubervilliers
832382840705005,train,48.828221296521,2.4049220537084,Charenton-le-Pont
913433575896200,train,48.867999245833,2.3927948251746,Le Pre-Saint-Gervais
322241726628508,train,48.81797337945826,2.4164018266239977,Charenton-le-Pont
3099067270341795,train,48.82469219618248,2.412734213201633,Charenton-le-Pont
153591489961929,train,48.869092917072,2.4293814579954,Bagnolet
265116708640184,train,48.877494417825,2.3893989189248,Le Pre-Saint-Gervais
285819273193645,train,48.897415126288,2.394183251623,Pantin
275819800923185,train,48.873772279792,2.4275892447738,Les Lilas
788599968435128,train,48.894391554146,2.3975562836827,Le Pre-Saint-Gervais
216086153408508,train,48.825372226011,2.3510396574481,Le Kremlin-Bicetre
956095148463179,train,48.875255649217,2.3512516554244,Paris
1084708892051612,train,48.821626497064,2.4136275478348,Charenton-le-Pont
530003517989015,train,48.819049778762,2.4138890012038,Charenton-le-Pont
363533485087841,train,48.82807562896,2.3921458389971,Ivry-sur-Seine
802721027003912,train,48.881029039667,2.3463541176192,Saint-Ouen
514799219902618,train,48.842360805674,2.3714862091507,Paris
383238479586201,train,48.877799694983,2.3803927151318,Le Pre-Saint-Gervais
371804874241826,train,48.840421561147,2.4383999305672,Vincennes
564318414539656,train,48.840593059318,2.4076105002302,Saint-Mande
2996580990665492,train,48.88386790865,2.3487507163474,Saint-Ouen
219565789971123,train,48.870842898041,2.4509971331858,Montreuil
522879789088217,train,48.83041795036,2.3581843301021,Le Kremlin-Bicetre
535975621095686,train,48.822384368475,2.4589709301257,Joinville-le-Pont
569168334473327,train,48.836139998874,2.3787549986947,Ivry-sur-Seine
509140340402596,train,48.883657302301,2.3470170399063,Saint-Ouen
575117623455591,train,48.89082831807,2.3685632024759,Aubervilliers
1204261166691140,train,48.886601346163,2.3771173646754,Le Pre-Saint-Gervais
509916257050151,train,48.888403451634,2.3653225763979,Aubervilliers
296045012011818,train,48.825052572732,2.3859537394052,Ivry-sur-Seine
294571388904225,train,48.826135149495,2.3551198306205,Le Kremlin-Bicetre
3214751865447871,train,48.84573064527,2.3835562738857,Ivry-sur-Seine
2782578218719709,train,48.900307978249,2.4512388932659,Bobigny
363621888425524,train,48.833594188968,2.3608383848907,Le Kremlin-Bicetre
927305211435678,train,48.815992630769,2.3619744627878,Le Kremlin-Bicetre
319895882871823,train,48.817205969982,2.3989985240264,Charenton-le-Pont
311555987162060,train,48.882160866976,2.3824026718864,Le Pre-Saint-Gervais
657282141750101,train,48.851932328298,2.3978120210484,Saint-Mande
845510189696933,train,48.841166355404,2.3954008729371,Saint-Mande
210024984066923,train,48.839088264572,2.3802914672888,Ivry-sur-Seine
740663133275791,train,48.879376282664,2.3850141148974,Le Pre-Saint-Gervais
370045474334797,train,48.818668617583,2.4084365311627,Charenton-le-Pont
154344889878195,train,48.858100991062,2.4141226390501,Bagnolet
4963345887064802,train,48.819730555555545,2.4157083333333333,Charenton-le-Pont
495449631592671,train,48.82235162597,2.3676686614798,Le Kremlin-Bicetre
177177470976437,train,48.883673524099,2.3592924139033,Saint-Ouen
1196820460751013,train,48.840299755792,2.4356466367956,Vincennes
296243825387638,train,48.847553534189,2.3484599901133,Paris
822758338339096,train,48.869128090226,2.4326303385315,Montreuil
1344834219242999,train,48.816237857743,2.4604689898286,Joinville-le-Pont
642697149927906,train,48.83318130695,2.361733165019,Le Kremlin-Bicetre
1097823884036386,train,48.866694373638,2.3510115248345,Paris
294894848885694,train,48.86952183129,2.3800111954158,Le Pre-Saint-Gervais
4480871885275145,train,48.87674746334,2.4429345074421,Romainville
2914860295444509,train,48.835015864865,2.4012875107038,Saint-Mande
247866807121803,train,48.840588300895,2.3534104456858,Paris
506284687170633,train,48.899182369502,2.387196511069,Aubervilliers
231970852037374,train,48.882800535798,2.4037959283565,Le Pre-Saint-Gervais
758756624826441,train,48.856909263579,2.3705985875544,Paris
855506528646193,train,48.881054727931,2.4262123969636,Les Lilas
3909166359170277,train,48.830248328685,2.3567316855029,Le Kremlin-Bicetre
109471644537217,train,48.834045146612,2.381613781769,Ivry-sur-Seine
1743558085854991,train,48.884408306715,2.3672060687384,Paris
3013152245591819,train,48.89687145365446,2.382885343809966,Aubervilliers
2133797073423706,train,48.838324662743,2.441199547029,Vincennes
456129255693321,train,48.859326223271,2.3456704830876,Paris
151419683620817,train,48.833958551154,2.4449003030739,Vincennes
306555224249517,train,48.820447660037,2.3959183749717,Ivry-sur-Seine
3907778979310265,train,48.869683369533,2.3529088316778,Paris
228093802452639,train,48.847248333333,2.3604516666667,Paris
